,XGBoost,LightGBM,CatBoost,RandomForest,LR,KNN,NaiveBayes,QDA
XGBoost,1.0,0.34777610511926293,0.44573931874419825,0.5417062230779566,0.8696661738008709,0.0003445690371846055,0.5712361085465236,0.33937030002343915
LightGBM,0.34777610511926293,1.0,0.8692780459079266,0.9277065501731951,0.5234037104171894,0.00019997135508975639,0.3065426983770059,0.14881629195520096
CatBoost,0.44573931874419825,0.8692780459079266,1.0,0.8518638458326733,0.47681863201710595,0.0006445167433426491,0.15165886856492805,0.06190276113821658
RandomForest,0.5417062230779566,0.9277065501731951,0.8518638458326733,1.0,0.5594451352647258,0.0003827354950822759,0.3650085236280858,0.1925349133739691
LR,0.8696661738008709,0.5234037104171894,0.47681863201710595,0.5594451352647258,1.0,0.013394871130939068,0.6505169947078575,0.4382714625935116
KNN,0.0003445690371846055,0.00019997135508975639,0.0006445167433426491,0.0003827354950822759,0.013394871130939068,1.0,0.02404418087237903,0.04258289168147211
NaiveBayes,0.5712361085465236,0.3065426983770059,0.15165886856492805,0.3650085236280858,0.6505169947078575,0.02404418087237903,1.0,0.4507547134316381
QDA,0.33937030002343915,0.14881629195520096,0.06190276113821658,0.1925349133739691,0.4382714625935116,0.04258289168147211,0.4507547134316381,1.0
